condition	replicate	type	fastq1	fastq2	strandedness	barcode1	barcode2	adapter1	adapter2	fasta	gff
WT	1	riboseq	data/riboseq/WT.1.fastq.gz		forward			AGATCGGAAGAGCACACGTCTGAACTCCAGTCA		/stockage/EQUIPES/GST/Sauvegardes_NGS/databases/Homo_sapiens/FASTA/Homo_sapiens.GRCh38.dna.primary_assembly.fa	/stockage/EQUIPES/GST/Sauvegardes_NGS/databases/Homo_sapiens/GFF/Homo_sapiens.GRCh38.110.chr.gff3
WT	2	riboseq	data/riboseq/WT.2.fastq.gz		forward			AGATCGGAAGAGCACACGTCTGAACTCCAGTCA		/stockage/EQUIPES/GST/Sauvegardes_NGS/databases/Homo_sapiens/FASTA/Homo_sapiens.GRCh38.dna.primary_assembly.fa	/stockage/EQUIPES/GST/Sauvegardes_NGS/databases/Homo_sapiens/GFF/Homo_sapiens.GRCh38.110.chr.gff3
WT	3	riboseq	data/riboseq/WT.3.fastq.gz		forward			AGATCGGAAGAGCACACGTCTGAACTCCAGTCA		/stockage/EQUIPES/GST/Sauvegardes_NGS/databases/Homo_sapiens/FASTA/Homo_sapiens.GRCh38.dna.primary_assembly.fa	/stockage/EQUIPES/GST/Sauvegardes_NGS/databases/Homo_sapiens/GFF/Homo_sapiens.GRCh38.110.chr.gff3
mutant	1	riboseq	data/riboseq/mutant.1.fastq.gz		forward			AGATCGGAAGAGCACACGTCTGAACTCCAGTCA		/stockage/EQUIPES/GST/Sauvegardes_NGS/databases/Homo_sapiens/FASTA/Homo_sapiens.GRCh38.dna.primary_assembly.fa	/stockage/EQUIPES/GST/Sauvegardes_NGS/databases/Homo_sapiens/GFF/Homo_sapiens.GRCh38.110.chr.gff3
mutant	2	riboseq	data/riboseq/mutant.2.fastq.gz		forward			AGATCGGAAGAGCACACGTCTGAACTCCAGTCA		/stockage/EQUIPES/GST/Sauvegardes_NGS/databases/Homo_sapiens/FASTA/Homo_sapiens.GRCh38.dna.primary_assembly.fa	/stockage/EQUIPES/GST/Sauvegardes_NGS/databases/Homo_sapiens/GFF/Homo_sapiens.GRCh38.110.chr.gff3
mutant	3	riboseq	data/riboseq/mutant.3.fastq.gz		forward			AGATCGGAAGAGCACACGTCTGAACTCCAGTCA		/stockage/EQUIPES/GST/Sauvegardes_NGS/databases/Homo_sapiens/FASTA/Homo_sapiens.GRCh38.dna.primary_assembly.fa	/stockage/EQUIPES/GST/Sauvegardes_NGS/databases/Homo_sapiens/GFF/Homo_sapiens.GRCh38.110.chr.gff3
WT	1	rnaseq	data/rnaseq/WT.1.fastq.gz		forward			AGATCGGAAGAGCACACGTCTGAACTCCAGTCA		/stockage/EQUIPES/GST/Sauvegardes_NGS/databases/Homo_sapiens/FASTA/Homo_sapiens.GRCh38.dna.primary_assembly.fa	/stockage/EQUIPES/GST/Sauvegardes_NGS/databases/Homo_sapiens/GFF/Homo_sapiens.GRCh38.110.chr.gff3
WT	2	rnaseq	data/rnaseq/WT.2.fastq.gz		forward			AGATCGGAAGAGCACACGTCTGAACTCCAGTCA		/stockage/EQUIPES/GST/Sauvegardes_NGS/databases/Homo_sapiens/FASTA/Homo_sapiens.GRCh38.dna.primary_assembly.fa	/stockage/EQUIPES/GST/Sauvegardes_NGS/databases/Homo_sapiens/GFF/Homo_sapiens.GRCh38.110.chr.gff3
WT	3	rnaseq	data/rnaseq/WT.3.fastq.gz		forward			AGATCGGAAGAGCACACGTCTGAACTCCAGTCA		/stockage/EQUIPES/GST/Sauvegardes_NGS/databases/Homo_sapiens/FASTA/Homo_sapiens.GRCh38.dna.primary_assembly.fa	/stockage/EQUIPES/GST/Sauvegardes_NGS/databases/Homo_sapiens/GFF/Homo_sapiens.GRCh38.110.chr.gff3
mutant	1	rnaseq	data/rnaseq/mutant.1.fastq.gz		forward			AGATCGGAAGAGCACACGTCTGAACTCCAGTCA		/stockage/EQUIPES/GST/Sauvegardes_NGS/databases/Homo_sapiens/FASTA/Homo_sapiens.GRCh38.dna.primary_assembly.fa	/stockage/EQUIPES/GST/Sauvegardes_NGS/databases/Homo_sapiens/GFF/Homo_sapiens.GRCh38.110.chr.gff3
mutant	2	rnaseq	data/rnaseq/mutant.2.fastq.gz		forward			AGATCGGAAGAGCACACGTCTGAACTCCAGTCA		/stockage/EQUIPES/GST/Sauvegardes_NGS/databases/Homo_sapiens/FASTA/Homo_sapiens.GRCh38.dna.primary_assembly.fa	/stockage/EQUIPES/GST/Sauvegardes_NGS/databases/Homo_sapiens/GFF/Homo_sapiens.GRCh38.110.chr.gff3
mutant	3	rnaseq	data/rnaseq/mutant.3.fastq.gz		forward			AGATCGGAAGAGCACACGTCTGAACTCCAGTCA		/stockage/EQUIPES/GST/Sauvegardes_NGS/databases/Homo_sapiens/FASTA/Homo_sapiens.GRCh38.dna.primary_assembly.fa	/stockage/EQUIPES/GST/Sauvegardes_NGS/databases/Homo_sapiens/GFF/Homo_sapiens.GRCh38.110.chr.gff3